mass_bin,bulge_bin,mass_lo,mass_hi,bulge_lo,bulge_hi,n_barred,n_unbarred,k_barred,k_unbarred,valid,q_barred,q_barred_lo,q_barred_hi,q_unbarred,q_unbarred_lo,q_unbarred_hi,delta_q,delta_q_lo,delta_q_hi,sample,scheme,barmode
0,0,9.500033378601074,10.029934883117676,0.3829151653165051,1.2574362712275244,352,3889,1,75,True,0.002840909090909091,0.0005016663636475691,0.01591423649391573,0.019285163281049112,0.01541342770863824,0.02410563836380828,-0.01644425419014002,-0.021802335615477633,-0.002809657543048622,all,comparison,strong_only
0,1,9.500033378601074,10.029934883117676,1.2574362712275244,1.4081669343294456,200,2460,4,39,True,0.02,0.0078044264163494685,0.050287086905826436,0.015853658536585366,0.011618928024642072,0.021598087026264305,0.004146341463414634,-0.00933440308973486,0.034728044747402376,all,comparison,strong_only
0,2,9.500033378601074,10.029934883117676,1.4081669343294456,1.567936572450753,180,1609,8,18,True,0.044444444444444446,0.02269009345317688,0.08523691576429278,0.011187072715972654,0.007087987676297077,0.017614662793654326,0.03325737172847179,0.010573331055391166,0.07425527673035134,all,comparison,strong_only
0,3,9.500033378601074,10.029934883117676,1.567936572450753,1.775981109566201,116,900,15,7,True,0.12931034482758622,0.07995391352718764,0.20243132405013073,0.0077777777777777776,0.003772571890802391,0.01596701700122867,0.12153256704980844,0.07150136728636214,0.19476315681024153,all,comparison,strong_only
0,4,9.500033378601074,10.029934883117676,1.775981109566201,3.245336315750976,71,549,14,11,True,0.19718309859154928,0.12125532301202226,0.30419681705088314,0.020036429872495445,0.011224160327876539,0.035518822508140147,0.17714666871905382,0.09965646555646503,0.2845226065869979,all,comparison,strong_only
1,0,10.029934883117676,10.333564758300781,0.3829151653165051,1.2574362712275244,120,3905,7,84,True,0.058333333333333334,0.028541010000220295,0.11552592033630113,0.021510883482714467,0.01740876672585194,0.026553481585068053,0.03682244985061887,0.006606389134393601,0.09416195952744619,all,comparison,strong_only
1,1,10.029934883117676,10.333564758300781,1.2574362712275244,1.4081669343294456,196,2758,7,42,True,0.03571428571428571,0.017405752121094076,0.07187231323121207,0.015228426395939087,0.011286056269881344,0.0205193388371218,0.020485859318346625,0.0014281533495452206,0.05685817346146428,all,comparison,strong_only
1,2,10.029934883117676,10.333564758300781,1.4081669343294456,1.567936572450753,234,1882,16,44,True,0.06837606837606838,0.04252280667717907,0.10817194182633809,0.023379383634431455,0.017461646925285124,0.031238872617925538,0.04499668474163693,0.017975161698830445,0.0852301428508855,all,comparison,strong_only
1,3,10.029934883117676,10.333564758300781,1.567936572450753,1.775981109566201,216,1243,33,30,True,0.1527777777777778,0.11090176542671284,0.2067883517847902,0.02413515687851971,0.01695754250576142,0.03424500483420079,0.12864262089925807,0.08556351417553952,0.1831280341091346,all,comparison,strong_only
1,4,10.029934883117676,10.333564758300781,1.775981109566201,3.245336315750976,227,877,50,84,True,0.22026431718061673,0.1712561551712671,0.2785827054527808,0.09578107183580388,0.07802952203631955,0.11705831936792405,0.12448324534481285,0.07105552589060282,0.18544349412175318,all,comparison,strong_only
2,0,10.333564758300781,10.544611930847168,0.3829151653165051,1.2574362712275244,110,2528,9,60,True,0.08181818181818182,0.04364064627865515,0.1482179177889003,0.023734177215189875,0.018483657643608667,0.0304299338410565,0.05808400460299194,0.019323749486898363,0.12469100793411834,all,comparison,strong_only
2,1,10.333564758300781,10.544611930847168,1.2574362712275244,1.4081669343294456,228,2484,19,38,True,0.08333333333333333,0.05399668226505485,0.12647776364953134,0.015297906602254429,0.011165740161495706,0.020926923355150243,0.0680354267310789,0.03816361852490721,0.11137728486848919,all,comparison,strong_only
2,2,10.333564758300781,10.544611930847168,1.4081669343294456,1.567936572450753,344,2006,34,57,True,0.09883720930232558,0.07159304560053914,0.13494202087561394,0.028414755732801594,0.02199633696080916,0.036635879179184004,0.07042245356952398,0.041964918073097095,0.10709333463714113,all,comparison,strong_only
2,3,10.333564758300781,10.544611930847168,1.567936572450753,1.775981109566201,453,1419,75,88,True,0.16556291390728478,0.13417582871934247,0.2025743848401398,0.06201550387596899,0.05061040550429997,0.07578558732103818,0.10354741003131579,0.0692725750254501,0.14227627845631652,all,comparison,strong_only
2,4,10.333564758300781,10.544611930847168,1.775981109566201,3.245336315750976,505,1304,148,255,True,0.29306930693069305,0.25505213361240414,0.3342108944349084,0.1955521472392638,0.1749321344959915,0.2179606395899707,0.09751715969142924,0.05338728322950713,0.14353688533054754,all,comparison,strong_only
3,0,10.544611930847168,10.732253074645996,0.3829151653165051,1.2574362712275244,85,1505,7,55,True,0.08235294117647059,0.04046372349916064,0.16035984533375294,0.036544850498338874,0.028183617647953685,0.04726596531198983,0.04580809067813171,0.002568654274952939,0.1242618178743701,all,comparison,strong_only
3,1,10.544611930847168,10.732253074645996,1.2574362712275244,1.4081669343294456,276,2082,29,58,True,0.10507246376811594,0.07415923785435707,0.1468282422756635,0.027857829010566763,0.021611739458101634,0.03584299101237756,0.07721463475754917,0.04528674180185515,0.11943499327650048,all,comparison,strong_only
3,2,10.544611930847168,10.732253074645996,1.4081669343294456,1.567936572450753,449,1848,51,100,True,0.11358574610244988,0.0874553934581924,0.14627201104299933,0.05411255411255411,0.04469185686675389,0.0653831486634205,0.05947319198989577,0.03101582684757675,0.09348997391236485,all,comparison,strong_only
3,3,10.544611930847168,10.732253074645996,1.567936572450753,1.775981109566201,629,1546,131,135,True,0.2082670906200318,0.17835107316680213,0.2417248480854056,0.08732212160413971,0.07425299703837218,0.10243698454791575,0.12094496901589208,0.08742740373929306,0.15686465096781538,all,comparison,strong_only
3,4,10.544611930847168,10.732253074645996,1.775981109566201,3.245336315750976,830,1793,292,531,True,0.35180722891566263,0.3200703825898288,0.3849095060955826,0.29615170105967653,0.27547293030144027,0.3177020844381623,0.0556555278559861,0.017293483613410758,0.09468593029521209,all,comparison,strong_only
4,0,10.732253074645996,10.93322467803955,0.3829151653165051,1.2574362712275244,79,699,10,40,True,0.12658227848101267,0.07023263469675516,0.21756358666503517,0.05722460658082976,0.042303189200278285,0.0769861011062052,0.06935767190018291,0.009643360211198715,0.16155445674391106,all,comparison,strong_only
4,1,10.732253074645996,10.93322467803955,1.2574362712275244,1.4081669343294456,258,1423,53,89,True,0.2054263565891473,0.16062206501371337,0.2588739892605344,0.06254392129304287,0.05110258603742069,0.07634076633824466,0.14288243529610442,0.09600197586173231,0.19754095330205723,all,comparison,strong_only
4,2,10.732253074645996,10.93322467803955,1.4081669343294456,1.567936572450753,515,1586,117,148,True,0.22718446601941747,0.1930934556470681,0.265315283240719,0.09331651954602774,0.07996734364207915,0.1086309956181822,0.13386794647338973,0.09649509314945653,0.17426794299911813,all,comparison,strong_only
4,3,10.732253074645996,10.93322467803955,1.567936572450753,1.775981109566201,1033,1509,300,305,True,0.2904162633107454,0.26355037097097445,0.3188351554599467,0.20212060967528164,0.18262683442559874,0.22312715601514588,0.08829565363546374,0.05419211774340372,0.12275781701028808,all,comparison,strong_only
4,4,10.732253074645996,10.93322467803955,1.775981109566201,3.245336315750976,1188,2412,462,905,True,0.3888888888888889,0.36156816324147056,0.4169258654347735,0.3752072968490879,0.3560975918714927,0.3947138706100437,0.013681592039801016,-0.01988816324368462,0.04761170960760808,all,comparison,strong_only
5,0,10.93322467803955,12.37898349761963,0.3829151653165051,1.2574362712275244,52,341,12,56,True,0.23076923076923078,0.1372426092549275,0.36133782558099836,0.16422287390029325,0.12868272900496827,0.20724398704841604,0.06654635686893753,-0.03640045031022329,0.20186546065809302,all,comparison,strong_only
5,1,10.93322467803955,12.37898349761963,1.2574362712275244,1.4081669343294456,275,964,101,243,True,0.36727272727272725,0.31249052166237773,0.4257119669175509,0.2520746887966805,0.22568584666701916,0.2804316112661855,0.11519803847604676,0.05351169392981734,0.1793191404566687,all,comparison,strong_only
5,2,10.93322467803955,12.37898349761963,1.4081669343294456,1.567936572450753,669,1641,293,516,True,0.43796711509715996,0.40083151524835425,0.4758110445821947,0.31444241316270566,0.2924338770173432,0.3373176733620859,0.1235247019344543,0.0799089902548317,0.16730299178376212,all,comparison,strong_only
5,3,10.93322467803955,12.37898349761963,1.567936572450753,1.775981109566201,1156,2062,590,845,True,0.5103806228373703,0.4815771947476311,0.5391152885374577,0.40979631425800195,0.3887561249539151,0.4311719733947549,0.10058430857936834,0.06471571126568146,0.13619849927419658,all,comparison,strong_only
5,4,10.93322467803955,12.37898349761963,1.775981109566201,3.245336315750976,1028,2605,571,1375,True,0.5554474708171206,0.5249206597342325,0.5855614293749726,0.527831094049904,0.5086333816444955,0.5469468451683466,0.02761637676721662,-0.008401648382874258,0.06332915685536997,all,comparison,strong_only
0,0,9.500033378601074,10.029934883117676,0.3829151653165051,1.2574362712275244,346,3783,1,70,True,0.002890173410404624,0.0005103688902239004,0.016187076976785467,0.018503832936822628,0.014672324995941642,0.023312222386057693,-0.015613659526418003,-0.02097873908312429,-0.0017757370828332866,agn_clean,comparison,strong_only
0,1,9.500033378601074,10.029934883117676,1.2574362712275244,1.4081669343294456,190,2409,1,33,True,0.005263157894736842,0.0009296815656636322,0.029205558110269425,0.0136986301369863,0.009770725178756184,0.019175005410119714,-0.00843547224224946,-0.01541900309897408,0.01582698776166654,agn_clean,comparison,strong_only
0,2,9.500033378601074,10.029934883117676,1.4081669343294456,1.567936572450753,161,1580,1,12,True,0.006211180124223602,0.00109726853276099,0.03433956187680337,0.007594936708860759,0.004349938461754271,0.013228499497196795,-0.0013837565846371571,-0.00899224667501778,0.026931184235406712,agn_clean,comparison,strong_only
0,3,9.500033378601074,10.029934883117676,1.567936572450753,1.775981109566201,90,870,2,4,True,0.022222222222222223,0.006115441986325208,0.07744526688625372,0.004597701149425287,0.0017893652182392056,0.011761672788901063,0.017624521072796936,-3.6058616988549064e-06,0.07291892777607939,agn_clean,comparison,strong_only
0,4,9.500033378601074,10.029934883117676,1.775981109566201,3.245336315750976,44,515,2,6,True,0.045454545454545456,0.012555109949594967,0.15134998437629657,0.011650485436893204,0.005350160118778077,0.025182208780000995,0.03380406001765225,-0.0017695312148731102,0.13988675457027194,agn_clean,comparison,strong_only
1,0,10.029934883117676,10.333564758300781,0.3829151653165051,1.2574362712275244,103,3665,4,71,True,0.038834951456310676,0.015203989548269223,0.09562806901213441,0.01937244201909959,0.015387452795769974,0.024363912984852548,0.019462509437211086,-0.004689864009331614,0.07639526223223819,agn_clean,comparison,strong_only
1,1,10.029934883117676,10.333564758300781,1.2574362712275244,1.4081669343294456,150,2563,3,28,True,0.02,0.006824751322967459,0.05714668327038608,0.01092469761997659,0.007569250917560064,0.01574401551541535,0.00907530238002341,-0.00495370338228719,0.0463732259222682,agn_clean,comparison,strong_only
1,2,10.029934883117676,10.333564758300781,1.4081669343294456,1.567936572450753,159,1729,1,18,True,0.006289308176100629,0.001111081403321116,0.03476098006676309,0.010410641989589358,0.0065953170271719095,0.01639666450575419,-0.004121333813488729,-0.012036287892595119,0.024604835524214216,agn_clean,comparison,strong_only
1,3,10.029934883117676,10.333564758300781,1.567936572450753,1.775981109566201,130,1119,9,12,True,0.06923076923076923,0.03684711914499425,0.12634191819174667,0.010723860589812333,0.006145014743360245,0.01865052393396616,0.0585069086409569,0.025167250804538334,0.11580131643900056,agn_clean,comparison,strong_only
1,4,10.029934883117676,10.333564758300781,1.775981109566201,3.245336315750976,110,698,12,23,True,0.10909090909090909,0.06351460897644062,0.18104883134757863,0.0329512893982808,0.022055960004451477,0.04895930732450175,0.07613961969262828,0.027833763214864533,0.14891771239982238,agn_clean,comparison,strong_only
2,0,10.333564758300781,10.544611930847168,0.3829151653165051,1.2574362712275244,64,2289,4,40,True,0.0625,0.024571201396618017,0.14997485092208662,0.01747487986020096,0.012859326017418262,0.02370729244551609,0.045025120139799035,0.006587680967430835,0.13262165478082755,agn_clean,comparison,strong_only
2,1,10.333564758300781,10.544611930847168,1.2574362712275244,1.4081669343294456,119,2234,3,20,True,0.025210084033613446,0.008610231289265302,0.07150489364635793,0.008952551477170993,0.00580288403062919,0.013788074322514316,0.016257532556442453,-0.0010322734668152915,0.06265936228441832,agn_clean,comparison,strong_only
2,2,10.333564758300781,10.544611930847168,1.4081669343294456,1.567936572450753,160,1770,4,20,True,0.025,0.00976399254626252,0.06250989286666742,0.011299435028248588,0.007326489287935028,0.017389055950161568,0.013700564971751414,-0.0027073418448703944,0.05142027282751751,agn_clean,comparison,strong_only
2,3,10.333564758300781,10.544611930847168,1.567936572450753,1.775981109566201,197,1147,14,16,True,0.07106598984771574,0.04280128596133862,0.1157389826050301,0.013949433304272014,0.008604402297697576,0.022539295686056046,0.057116556543443726,0.027575411990082725,0.10210817396665162,agn_clean,comparison,strong_only
2,4,10.333564758300781,10.544611930847168,1.775981109566201,3.245336315750976,192,800,12,29,True,0.0625,0.036110648771456075,0.10605260403695378,0.03625,0.02535643344178793,0.05157597423897659,0.026250000000000002,-0.004266935374267627,0.07114431044974273,agn_clean,comparison,strong_only
3,0,10.544611930847168,10.732253074645996,0.3829151653165051,1.2574362712275244,42,1292,3,32,True,0.07142857142857142,0.02459040987330592,0.19009426801158313,0.02476780185758514,0.01759819319880667,0.03475501587542265,0.046660769570986284,-0.001230334213696331,0.16554285751467707,agn_clean,comparison,strong_only
3,1,10.544611930847168,10.732253074645996,1.2574362712275244,1.4081669343294456,142,1759,4,26,True,0.028169014084507043,0.011007741802526387,0.07018630902805872,0.014781125639567936,0.010106824408629278,0.021570135842833696,0.013387888444939107,-0.005067461074274127,0.055664385063875825,agn_clean,comparison,strong_only
3,2,10.544611930847168,10.732253074645996,1.4081669343294456,1.567936572450753,190,1492,6,23,True,0.031578947368421054,0.014551684237534043,0.06717210651946641,0.015415549597855228,0.010293929213731127,0.023026085101147276,0.016163397770565826,-0.0024872842645591343,0.05212315268784411,agn_clean,comparison,strong_only
3,3,10.544611930847168,10.732253074645996,1.567936572450753,1.775981109566201,237,1126,9,19,True,0.0379746835443038,0.020105032510822306,0.07058308625262961,0.016873889875666074,0.010828777839258152,0.026204257631370978,0.021100793668637725,0.0009419199274014849,0.05426479986091001,agn_clean,comparison,strong_only
3,4,10.544611930847168,10.732253074645996,1.775981109566201,3.245336315750976,244,847,22,45,True,0.09016393442622951,0.060296682402340825,0.1327358273655507,0.053128689492325853,0.03994110220906959,0.07035142978715303,0.03703524493390366,0.0025580709383229497,0.08160292971548647,agn_clean,comparison,strong_only
4,0,10.732253074645996,10.93322467803955,0.3829151653165051,1.2574362712275244,36,523,3,22,True,0.08333333333333333,0.02874861133599338,0.2182669124927263,0.04206500956022945,0.02794082951021434,0.06286724570805839,0.04126832377310388,-0.017145928805157605,0.17693911372749832,agn_clean,comparison,strong_only
4,1,10.732253074645996,10.93322467803955,1.2574362712275244,1.4081669343294456,76,1008,4,30,True,0.05263157894736842,0.020655429299384284,0.12765672575889647,0.02976190476190476,0.020925702082262014,0.04216862782896897,0.022869674185463658,-0.011429027299768975,0.09841337764172176,agn_clean,comparison,strong_only
4,2,10.732253074645996,10.93322467803955,1.4081669343294456,1.567936572450753,139,1042,4,26,True,0.02877697841726619,0.011246508362848889,0.07165280475294937,0.02495201535508637,0.017083970209765056,0.03630983852646706,0.0038249630621798175,-0.017063251976955858,0.04741673543239296,agn_clean,comparison,strong_only
4,3,10.732253074645996,10.93322467803955,1.567936572450753,1.775981109566201,304,812,17,36,True,0.05592105263157895,0.03520410840841366,0.08772104587606928,0.04433497536945813,0.032194044374771934,0.06076698132539734,0.011586077262120818,-0.014856362067142342,0.04562490473557182,agn_clean,comparison,strong_only
4,4,10.732253074645996,10.93322467803955,1.775981109566201,3.245336315750976,270,851,16,78,True,0.05925925925925926,0.03680188195465954,0.09408209366775487,0.09165687426556991,0.07406251806329434,0.11292122865531376,-0.03239761500631065,-0.06332505529828711,0.006617653369212009,agn_clean,comparison,strong_only
5,0,10.93322467803955,12.37898349761963,0.3829151653165051,1.2574362712275244,11,177,3,13,False,,,,,,,,,,agn_clean,comparison,strong_only
5,1,10.93322467803955,12.37898349761963,1.2574362712275244,1.4081669343294456,55,424,8,40,True,0.14545454545454545,0.07559289147759303,0.26160912931452274,0.09433962264150944,0.0700462273088285,0.125917621196633,0.05111492281303601,-0.025552023709848395,0.1697827634796396,agn_clean,comparison,strong_only
5,2,10.93322467803955,12.37898349761963,1.4081669343294456,1.567936572450753,118,610,18,56,True,0.15254237288135594,0.09872232482421497,0.22827194466599302,0.09180327868852459,0.0713731449403059,0.11734245443163539,0.060739094192831355,0.001166893708792971,0.1391760651163353,agn_clean,comparison,strong_only
5,3,10.93322467803955,12.37898349761963,1.567936572450753,1.775981109566201,187,635,20,85,True,0.10695187165775401,0.07030814596552004,0.15941897460677418,0.13385826771653545,0.10956437166035501,0.16255550475093286,-0.026906396058781437,-0.07344986011138584,0.030912201965137998,agn_clean,comparison,strong_only
5,4,10.93322467803955,12.37898349761963,1.775981109566201,3.245336315750976,160,607,28,76,True,0.175,0.12394200193945988,0.24129802492201852,0.12520593080724876,0.1012121509956546,0.15391371934321457,0.04979406919275123,-0.008781149872787462,0.12030030706010487,agn_clean,comparison,strong_only
