mass_bin,bulge_bin,mass_lo,mass_hi,bulge_lo,bulge_hi,n_barred,n_unbarred,k_barred,k_unbarred,valid,q_barred,q_barred_lo,q_barred_hi,q_unbarred,q_unbarred_lo,q_unbarred_hi,delta_q,delta_q_lo,delta_q_hi,z_lo,z_hi,sample,scheme,barmode
0,0,9.500033378601074,9.757833003997803,0.3864016248867915,1.183200033387799,580,682,9,19,True,0.015517241379310345,0.008184742596466978,0.029225171500438473,0.02785923753665689,0.01790658778848671,0.04310089183025871,-0.012341996157346546,-0.029255705508227276,0.004597973890309491,0.02,0.06,all,comparison,weak_only
0,1,9.500033378601074,9.757833003997803,1.183200033387799,1.3036914768597134,375,586,3,8,True,0.008,0.0027243775654703616,0.023253399131224532,0.013651877133105802,0.006933496556547103,0.026705133831293658,-0.005651877133105802,-0.01973092903657212,0.011015540862130366,0.02,0.06,all,comparison,weak_only
0,2,9.500033378601074,9.757833003997803,1.3036914768597134,1.4591103326268486,309,469,4,7,True,0.012944983818770227,0.00504525609725876,0.03280605320596594,0.014925373134328358,0.0072482491188174975,0.030484184211356652,-0.0019803893155581308,-0.01942981051526201,0.01931280937211058,0.02,0.06,all,comparison,weak_only
0,3,9.500033378601074,9.757833003997803,1.4591103326268486,1.7085361622827162,215,327,5,3,True,0.023255813953488372,0.009973457135895241,0.053275339025873183,0.009174311926605505,0.003124903596677168,0.026621848384693742,0.014081502026882867,-0.007846505887339095,0.04470448729471309,0.02,0.06,all,comparison,weak_only
0,4,9.500033378601074,9.757833003997803,1.7085361622827162,3.245336315750976,68,137,7,1,True,0.10294117647058823,0.05076577178992908,0.19757911309365633,0.0072992700729927005,0.0012896645694117012,0.040185756585739155,0.09564190639759552,0.033967001867928004,0.1904704590944522,0.02,0.06,all,comparison,weak_only
1,0,9.757833003997803,10.006921768188477,0.3864016248867915,1.183200033387799,408,799,4,23,True,0.00980392156862745,0.003818972893321563,0.024933496211178213,0.028785982478097622,0.019256998291975344,0.042824323335219884,-0.01898206090947017,-0.034242946357791765,-0.0011017485944158426,0.02,0.06,all,comparison,weak_only
1,1,9.757833003997803,10.006921768188477,1.183200033387799,1.3036914768597134,296,725,5,19,True,0.016891891891891893,0.007236239007100652,0.03892635263427524,0.02620689655172414,0.01684056727979836,0.040567608825325965,-0.009315004659832246,-0.026619966076627016,0.014627542912173677,0.02,0.06,all,comparison,weak_only
1,2,9.757833003997803,10.006921768188477,1.3036914768597134,1.4591103326268486,263,515,9,13,True,0.034220532319391636,0.01810610143740602,0.06374571768104151,0.02524271844660194,0.014810276148928991,0.04270528725366139,0.008977813872789696,-0.01478383994153008,0.040291906913049694,0.02,0.06,all,comparison,weak_only
1,3,9.757833003997803,10.006921768188477,1.4591103326268486,1.7085361622827162,201,323,7,5,True,0.03482587064676617,0.016970180548271974,0.07012868568422963,0.015479876160990712,0.006629731388861717,0.03571942122671137,0.01934599448577546,-0.007644093571894921,0.05574123884622725,0.02,0.06,all,comparison,weak_only
1,4,9.757833003997803,10.006921768188477,1.7085361622827162,3.245336315750976,88,172,7,7,True,0.07954545454545454,0.03906485712225405,0.15519881257322346,0.040697674418604654,0.01985149669558029,0.08161182680247542,0.03884778012684989,-0.01870781589152025,0.11732066529451596,0.02,0.06,all,comparison,weak_only
2,0,10.006921768188477,10.239534378051758,0.3864016248867915,1.183200033387799,191,840,12,32,True,0.06282722513089005,0.03630163469804389,0.10659125364927471,0.0380952380952381,0.027112205990824104,0.053283771371446756,0.02473198703565195,-0.005834309614311996,0.0698531260545705,0.02,0.06,all,comparison,weak_only
2,1,10.006921768188477,10.239534378051758,1.183200033387799,1.3036914768597134,227,675,3,18,True,0.013215859030837005,0.004504579766324353,0.03812839817001103,0.02666666666666667,0.016933380134897372,0.041756993446451104,-0.013450807635829664,-0.030875053638024633,0.013295621529021468,0.02,0.06,all,comparison,weak_only
2,2,10.006921768188477,10.239534378051758,1.3036914768597134,1.4591103326268486,238,541,7,18,True,0.029411764705882353,0.014318648941541667,0.05945471856829511,0.033271719038817,0.021147852569080798,0.05197701371207685,-0.003859954332934651,-0.027895140878690283,0.02853707045260785,0.02,0.06,all,comparison,weak_only
2,3,10.006921768188477,10.239534378051758,1.4591103326268486,1.7085361622827162,202,365,21,23,True,0.10396039603960396,0.06900681680032225,0.1536959326036549,0.06301369863013699,0.04235294323823634,0.0927768195060426,0.040946697409466964,-0.004961864601453321,0.0948028986371622,0.02,0.06,all,comparison,weak_only
2,4,10.006921768188477,10.239534378051758,1.7085361622827162,3.245336315750976,147,271,26,38,True,0.17687074829931973,0.1236557603722161,0.24654391322728886,0.14022140221402213,0.10389370807157823,0.1866063466264376,0.0366493460852976,-0.033943840613028034,0.11522447747422332,0.02,0.06,all,comparison,weak_only
3,0,10.239534378051758,10.462076187133789,0.3864016248867915,1.183200033387799,116,548,10,28,True,0.08620689655172414,0.04749935479961496,0.1514423057518102,0.051094890510948905,0.03558457071858711,0.07285501435459235,0.03511200604077524,-0.009292687159178033,0.1021659293679304,0.02,0.06,all,comparison,weak_only
3,1,10.239534378051758,10.462076187133789,1.183200033387799,1.3036914768597134,172,609,4,13,True,0.023255813953488372,0.00908003526439749,0.058261642290546395,0.021346469622331693,0.012516701905832163,0.03617690129477176,0.0019093443311566788,-0.018606366844257073,0.038011599322928476,0.02,0.06,all,comparison,weak_only
3,2,10.239534378051758,10.462076187133789,1.3036914768597134,1.4591103326268486,225,466,10,14,True,0.044444444444444446,0.024317740906788954,0.07986556112055393,0.030042918454935622,0.017978793265959216,0.04979185196534165,0.014401525989508824,-0.013796072668730008,0.05182075397670621,0.02,0.06,all,comparison,weak_only
3,3,10.239534378051758,10.462076187133789,1.4591103326268486,1.7085361622827162,260,390,38,39,True,0.14615384615384616,0.10836983962294738,0.19424165736302912,0.1,0.07401732243386254,0.1337857338156179,0.046153846153846156,-0.004532512553273332,0.10081221349495767,0.02,0.06,all,comparison,weak_only
3,4,10.239534378051758,10.462076187133789,1.7085361622827162,3.245336315750976,234,436,71,130,True,0.3034188034188034,0.24808093745949222,0.36510676977973333,0.2981651376146789,0.2571406188886469,0.342715200815361,0.005253665804124508,-0.06578848745797376,0.0793375124270542,0.02,0.06,all,comparison,weak_only
4,0,10.462076187133789,10.715106010437012,0.3864016248867915,1.183200033387799,65,274,6,12,True,0.09230769230769231,0.042995089611340964,0.1871200051596039,0.043795620437956206,0.025227701205463297,0.07497857808369673,0.048512071869736106,-0.009832676242019812,0.14512543685074242,0.02,0.06,all,comparison,weak_only
4,1,10.462076187133789,10.715106010437012,1.183200033387799,1.3036914768597134,158,367,15,20,True,0.0949367088607595,0.058378546401311904,0.15072398559073744,0.05449591280653951,0.03555141682880991,0.08267015138557884,0.04044079605421999,-0.005714235761606894,0.09935695829173637,0.02,0.06,all,comparison,weak_only
4,2,10.462076187133789,10.715106010437012,1.3036914768597134,1.4591103326268486,205,389,28,36,True,0.13658536585365855,0.09621794080587115,0.1903221894853679,0.09254498714652956,0.06759683711184454,0.12546185645977945,0.044040378707128985,-0.008046561022272525,0.10328610770237884,0.02,0.06,all,comparison,weak_only
4,3,10.462076187133789,10.715106010437012,1.4591103326268486,1.7085361622827162,282,427,63,99,True,0.22340425531914893,0.17869176165311132,0.27555115802825836,0.23185011709601874,0.1943204608366615,0.274161517135416,-0.008445861776869817,-0.07000446526272999,0.05580189741439566,0.02,0.06,all,comparison,weak_only
4,4,10.462076187133789,10.715106010437012,1.7085361622827162,3.245336315750976,342,629,157,301,True,0.4590643274853801,0.40699772863285266,0.5120403181777324,0.4785373608903021,0.43974766480485816,0.517587620954841,-0.019473033404921958,-0.08455646852614261,0.04618590438908521,0.02,0.06,all,comparison,weak_only
5,0,10.715106010437012,12.047352790832521,0.3864016248867915,1.183200033387799,24,93,6,21,False,,,,,,,,,,0.02,0.06,all,comparison,weak_only
5,1,10.715106010437012,12.047352790832521,1.183200033387799,1.3036914768597134,93,182,20,54,True,0.21505376344086022,0.14375022006940472,0.30896351797814325,0.2967032967032967,0.23509517670252966,0.3667159559177884,-0.08164953326243649,-0.18157934737018705,0.030665213976212746,0.02,0.06,all,comparison,weak_only
5,2,10.715106010437012,12.047352790832521,1.3036914768597134,1.4591103326268486,203,355,78,151,True,0.3842364532019704,0.32006345803638975,0.45270936870748285,0.4253521126760563,0.3749918858504361,0.47731057614996775,-0.04111565947408591,-0.12368596427606315,0.04388253229346269,0.02,0.06,all,comparison,weak_only
5,3,10.715106010437012,12.047352790832521,1.4591103326268486,1.7085361622827162,335,480,193,270,True,0.5761194029850746,0.5226321452981084,0.6278807233971826,0.5625,0.5177984950111614,0.6062090676029288,0.01361940298507458,-0.05545569618669152,0.08201135308939661,0.02,0.06,all,comparison,weak_only
5,4,10.715106010437012,12.047352790832521,1.7085361622827162,3.245336315750976,311,846,213,550,True,0.684887459807074,0.6312670115231594,0.7339961924740431,0.6501182033096927,0.617367109955908,0.6815121661298577,0.03476925649738127,-0.02736554354029369,0.09379723071320678,0.02,0.06,all,comparison,weak_only
0,0,9.500271797180176,10.017061392466227,0.3829151653165051,1.2595906494532976,1004,1298,4,9,True,0.00398406374501992,0.0015503823566245176,0.010198944600563942,0.006933744221879815,0.0036521204373191497,0.013125236492517579,-0.002949680476859895,-0.009602302639405228,0.004078391713435383,0.06,0.1,all,comparison,weak_only
0,1,9.500271797180176,10.017061392466227,1.2595906494532976,1.4013679046574006,607,1023,3,11,True,0.004942339373970346,0.0016822351030484012,0.014429079344556863,0.010752688172043012,0.006014595974032072,0.01915137156527288,-0.005810348798072666,-0.014819575324084691,0.004793789683971786,0.06,0.1,all,comparison,weak_only
0,2,9.500271797180176,10.017061392466227,1.4013679046574006,1.5513543675332466,408,810,2,3,True,0.004901960784313725,0.0013453253819229894,0.017694668413621786,0.003703703703703704,0.0012603758144613814,0.010832223688831312,0.0011982570806100216,-0.0067682636507948,0.014222205009840469,0.06,0.1,all,comparison,weak_only
0,3,9.500271797180176,10.017061392466227,1.5513543675332466,1.7524639118556564,249,482,0,3,True,0.0,8.673617379884035e-19,0.015193152415001476,0.006224066390041493,0.002118955579692385,0.01813756769969748,-0.006224066390041493,-0.01813756769969748,0.00951390727465595,0.06,0.1,all,comparison,weak_only
0,4,9.500271797180176,10.017061392466227,1.7524639118556564,3.031238183903549,86,285,1,4,True,0.011627906976744186,0.0020555686652495644,0.06296406589291725,0.014035087719298246,0.0054711481743725775,0.035525247803688945,-0.00240718074255406,-0.025932839951223363,0.04963839805906671,0.06,0.1,all,comparison,weak_only
1,0,10.017061392466227,10.28447437286377,0.3829151653165051,1.2595906494532976,532,1584,6,24,True,0.011278195488721804,0.005178865835794893,0.024384839174188423,0.015151515151515152,0.010202700359298298,0.022446314145712364,-0.003873319662793348,-0.013382047999475082,0.010136493917174314,0.06,0.1,all,comparison,weak_only
1,1,10.017061392466227,10.28447437286377,1.2595906494532976,1.4013679046574006,427,1156,2,11,True,0.00468384074941452,0.0012854192301035676,0.01691491562661586,0.009515570934256055,0.005321556881866927,0.016958607897696355,-0.0048317301848415355,-0.013013910093768885,0.00809842629229915,0.06,0.1,all,comparison,weak_only
1,2,10.017061392466227,10.28447437286377,1.4013679046574006,1.5513543675332466,393,800,5,9,True,0.01272264631043257,0.005446266237930283,0.029432798217248396,0.01125,0.0059297687461997645,0.021241582744848563,0.0014726463104325696,-0.010887670542571804,0.01900929471720555,0.06,0.1,all,comparison,weak_only
1,3,10.017061392466227,10.28447437286377,1.5513543675332466,1.7524639118556564,297,550,6,6,True,0.020202020202020204,0.009290860367513976,0.04336630624374044,0.01090909090909091,0.005009058805222746,0.023593817646868197,0.009292929292929294,-0.007438947509934873,0.033196789371362445,0.06,0.1,all,comparison,weak_only
1,4,10.017061392466227,10.28447437286377,1.7524639118556564,3.031238183903549,150,336,10,15,True,0.06666666666666667,0.03661185666960744,0.11836235511605896,0.044642857142857144,0.02723803377252035,0.07234210261851788,0.022023809523809522,-0.018848428044988243,0.07657078084953259,0.06,0.1,all,comparison,weak_only
2,0,10.28447437286377,10.487129211425781,0.3829151653165051,1.2595906494532976,322,1151,4,29,True,0.012422360248447204,0.004841129508574226,0.03150003733849145,0.02519548218940052,0.017599197739967085,0.03595054135915189,-0.012773121940953317,-0.025931630871529304,0.007761271173738517,0.06,0.1,all,comparison,weak_only
2,1,10.28447437286377,10.487129211425781,1.2595906494532976,1.4013679046574006,389,1063,11,13,True,0.028277634961439587,0.01586176617250556,0.04991911881420105,0.012229539040451553,0.007160784831861612,0.020810999142189625,0.016048095920988034,0.000955208348964301,0.03827524356922292,0.06,0.1,all,comparison,weak_only
2,2,10.28447437286377,10.487129211425781,1.4013679046574006,1.5513543675332466,433,785,17,12,True,0.03926096997690531,0.024654859764280904,0.06197029464036667,0.015286624203821656,0.008765858272203369,0.026528253756741813,0.023974345773083657,0.005543049276406628,0.04760131796601282,0.06,0.1,all,comparison,weak_only
2,3,10.28447437286377,10.487129211425781,1.5513543675332466,1.7524639118556564,402,580,20,21,True,0.04975124378109453,0.0324340998611759,0.07559197255658523,0.03620689655172414,0.023801621282063562,0.054715342746646634,0.013544347229370389,-0.011802172336311909,0.042208508095590166,0.06,0.1,all,comparison,weak_only
2,4,10.28447437286377,10.487129211425781,1.7524639118556564,3.031238183903549,361,475,51,59,True,0.14127423822714683,0.10911225978367328,0.1809903485186119,0.12421052631578948,0.09753041652260391,0.15692010478515656,0.017063711911357346,-0.028809040143017363,0.06490927257543834,0.06,0.1,all,comparison,weak_only
3,0,10.487129211425781,10.67510191599528,0.3829151653165051,1.2595906494532976,197,745,5,20,True,0.025380710659898477,0.010888761760002093,0.058028576831186944,0.026845637583892617,0.017444545279419837,0.04110116997750174,-0.00146492692399414,-0.02179315327905146,0.032509529687636596,0.06,0.1,all,comparison,weak_only
3,1,10.487129211425781,10.67510191599528,1.2595906494532976,1.4013679046574006,335,826,10,25,True,0.029850746268656716,0.016293629253889483,0.054068064098724694,0.03026634382566586,0.0205835279059829,0.044298092852287474,-0.00041559755700914386,-0.01992675852959578,0.02566572539672528,0.06,0.1,all,comparison,weak_only
3,2,10.487129211425781,10.67510191599528,1.4013679046574006,1.5513543675332466,433,719,13,26,True,0.03002309468822171,0.017628131478522664,0.0506837428139374,0.03616133518776078,0.024795145413908214,0.052457560749070736,-0.006138240499539073,-0.026612665534564716,0.017442528167954996,0.06,0.1,all,comparison,weak_only
3,3,10.487129211425781,10.67510191599528,1.5513543675332466,1.7524639118556564,495,584,42,38,True,0.08484848484848485,0.06338418655793074,0.11270674828208677,0.06506849315068493,0.04777061364734321,0.08805080150236248,0.019779991697799926,-0.011666830053809127,0.052571750980401566,0.06,0.1,all,comparison,weak_only
3,4,10.487129211425781,10.67510191599528,1.7524639118556564,3.031238183903549,561,718,119,165,True,0.21212121212121213,0.18030854928159445,0.24784957375282923,0.2298050139275766,0.2005185241314468,0.2619673233372015,-0.017683801806364474,-0.06292161412645395,0.028513755590736337,0.06,0.1,all,comparison,weak_only
4,0,10.67510191599528,10.885112444559732,0.3829151653165051,1.2595906494532976,115,382,10,18,True,0.08695652173913043,0.04791849741533478,0.1526971720427934,0.04712041884816754,0.030010852156050646,0.0732477736600232,0.03983610289096289,-0.007138422253735045,0.10776673202643092,0.06,0.1,all,comparison,weak_only
4,1,10.67510191599528,10.885112444559732,1.2595906494532976,1.4013679046574006,249,639,9,35,True,0.03614457831325301,0.0191302608583764,0.06725374800855266,0.054773082942097026,0.039644296874318946,0.07522299708671121,-0.018628504628844016,-0.04523087269970211,0.0159642779567698,0.06,0.1,all,comparison,weak_only
4,2,10.67510191599528,10.885112444559732,1.4013679046574006,1.5513543675332466,408,568,30,36,True,0.07352941176470588,0.05198790378564368,0.10302674433527113,0.06338028169014084,0.04612952608330787,0.08649719702470463,0.010149130074565041,-0.021448786638367016,0.04432048061540859,0.06,0.1,all,comparison,weak_only
4,3,10.67510191599528,10.885112444559732,1.5513543675332466,1.7524639118556564,610,592,164,127,True,0.26885245901639343,0.235195646130391,0.3054023438754071,0.21452702702702703,0.18335599483043236,0.24937901379253435,0.0543254319893664,0.005875023991636641,0.1023621609725965,0.06,0.1,all,comparison,weak_only
4,4,10.67510191599528,10.885112444559732,1.7524639118556564,3.031238183903549,703,956,289,393,True,0.41109530583214793,0.3753024760051541,0.4478544732086738,0.4110878661087866,0.3803144127726844,0.4425730042713033,7.439723361313266e-06,-0.047662682912697686,0.047947421121404245,0.06,0.1,all,comparison,weak_only
5,0,10.885112444559732,12.37898349761963,0.3829151653165051,1.2595906494532976,64,169,16,28,True,0.25,0.16014926530970577,0.36816276458669694,0.16568047337278108,0.11718742365657242,0.22903424809391726,0.08431952662721892,-0.02562070848168975,0.2120458543969855,0.06,0.1,all,comparison,weak_only
5,1,10.885112444559732,12.37898349761963,1.2595906494532976,1.4013679046574006,229,378,55,99,True,0.24017467248908297,0.18942369049472058,0.2994989412276688,0.2619047619047619,0.22013549928099677,0.30846466751093676,-0.021730089415678944,-0.09060306657978888,0.050823615944564485,0.06,0.1,all,comparison,weak_only
5,2,10.885112444559732,12.37898349761963,1.4013679046574006,1.5513543675332466,438,667,171,232,True,0.3904109589041096,0.3458660228628623,0.4368614734290639,0.34782608695652173,0.31264561205623786,0.3847493576034132,0.042584871947587866,-0.015273396624694985,0.1008542130614403,0.06,0.1,all,comparison,weak_only
5,3,10.885112444559732,12.37898349761963,1.5513543675332466,1.7524639118556564,690,827,349,411,True,0.5057971014492754,0.4685636350757707,0.5429663764251238,0.4969770253929867,0.4629931788703394,0.5309888258227137,0.00882007605628865,-0.04160941518304944,0.059183324826647773,0.06,0.1,all,comparison,weak_only
5,4,10.885112444559732,12.37898349761963,1.7524639118556564,3.031238183903549,548,1034,314,561,True,0.572992700729927,0.5312115866719195,0.6137575864869133,0.5425531914893617,0.5120861060361968,0.5727052647961024,0.030439509240565377,-0.021085329591043832,0.08133174054152711,0.06,0.1,all,comparison,weak_only
0,0,9.530496597290039,10.428152084350586,0.4821862755675124,1.34510844190082,654,1441,3,12,True,0.0045871559633027525,0.0015612474175879772,0.01339898150799055,0.008327550312283136,0.004770083826916664,0.014499475923548156,-0.003740394348980384,-0.010614169751044289,0.005762438766702438,0.1,0.15,all,comparison,weak_only
0,1,9.530496597290039,10.428152084350586,1.34510844190082,1.4962348618435812,363,964,3,7,True,0.008264462809917356,0.0028145648456173473,0.024012988540338585,0.007261410788381743,0.003521803290719031,0.01491247502841164,0.0010030520215356126,-0.008390571977025627,0.01718948853234041,0.1,0.15,all,comparison,weak_only
0,2,9.530496597290039,10.428152084350586,1.4962348618435812,1.6451332806655006,272,626,2,2,True,0.007352941176470588,0.0020187631216132644,0.02640864896581819,0.003194888178913738,0.0008765912561932614,0.011573301825434545,0.00415805299755685,-0.0057742816098316635,0.023354263560449152,0.1,0.15,all,comparison,weak_only
0,3,9.530496597290039,10.428152084350586,1.6451332806655006,1.8280321411876859,134,373,0,4,True,0.0,0.0,0.027868675023899322,0.010723860589812333,0.0041779830694256455,0.02724493641971804,-0.010723860589812333,-0.02724493641971804,0.017903251735736914,0.1,0.15,all,comparison,weak_only
0,4,9.530496597290039,10.428152084350586,1.8280321411876859,2.7954545520584695,70,267,0,4,True,0.0,0.0,0.05202306241026692,0.0149812734082397,0.005840943165492815,0.03788005461769206,-0.0149812734082397,-0.03788005461769206,0.03783865331917067,0.1,0.15,all,comparison,weak_only
1,0,10.428152084350586,10.611761093139648,0.4821862755675124,1.34510844190082,417,1143,3,11,True,0.007194244604316547,0.0024496478633766854,0.02093554533567842,0.009623797025371828,0.005382174742706391,0.017150546429814784,-0.0024295524210552807,-0.011326920280788829,0.011951501273946705,0.1,0.15,all,comparison,weak_only
1,1,10.428152084350586,10.611761093139648,1.34510844190082,1.4962348618435812,388,834,2,6,True,0.005154639175257732,0.0014147280246597851,0.01859708707089998,0.007194244604316547,0.003301236292591884,0.015606229617476368,-0.0020396054290588153,-0.011245496329780606,0.011955212152539526,0.1,0.15,all,comparison,weak_only
1,2,10.428152084350586,10.611761093139648,1.4962348618435812,1.6451332806655006,348,642,6,12,True,0.017241379310344827,0.007925227715581669,0.03709919571021838,0.018691588785046728,0.010724123366924973,0.032384689857194456,-0.0014502094747019002,-0.018011963533637248,0.01994636448843652,0.1,0.15,all,comparison,weak_only
1,3,10.428152084350586,10.611761093139648,1.6451332806655006,1.8280321411876859,271,423,8,8,True,0.02952029520295203,0.015032778181346833,0.05715960103913548,0.018912529550827423,0.009613740318248156,0.036870635579804065,0.010607765652124606,-0.01246563291850793,0.03976936211559033,0.1,0.15,all,comparison,weak_only
1,4,10.428152084350586,10.611761093139648,1.8280321411876859,2.7954545520584695,154,321,7,31,True,0.045454545454545456,0.02219003374649918,0.09084401291016404,0.09657320872274143,0.06887076885331167,0.1338172102603312,-0.051118663268195974,-0.09503168133284066,0.002056790943536252,0.1,0.15,all,comparison,weak_only
2,0,10.611761093139648,10.756779670715332,0.4821862755675124,1.34510844190082,301,833,5,10,True,0.016611295681063124,0.007115689930619345,0.03828974433754425,0.012004801920768308,0.006533638167681061,0.02195617739940656,0.004606493760294816,-0.009148374559129535,0.02696468619539082,0.1,0.15,all,comparison,weak_only
2,1,10.611761093139648,10.756779670715332,1.34510844190082,1.4962348618435812,383,733,10,6,True,0.02610966057441253,0.014242886567602232,0.047388198408077536,0.008185538881309686,0.003756750198838756,0.017742391347903452,0.017924121693102847,0.00268752908199232,0.03965866428163449,0.1,0.15,all,comparison,weak_only
2,2,10.611761093139648,10.756779670715332,1.4962348618435812,1.6451332806655006,371,555,16,13,True,0.0431266846361186,0.026717747275750978,0.06889990113874561,0.023423423423423424,0.013738978126853915,0.039659813873416855,0.019703261212695177,-0.0033807938933971306,0.047235917633635244,0.1,0.15,all,comparison,weak_only
2,3,10.611761093139648,10.756779670715332,1.6451332806655006,1.8280321411876859,324,405,26,19,True,0.08024691358024691,0.055348847917725943,0.11498183271542549,0.04691358024691358,0.03023652311783672,0.07210500296267891,0.033333333333333326,-0.0020858909972414907,0.07186434476326972,0.1,0.15,all,comparison,weak_only
2,4,10.611761093139648,10.756779670715332,1.8280321411876859,2.7954545520584695,329,505,41,84,True,0.12462006079027356,0.0932058544577446,0.16469909261478344,0.16633663366336635,0.13640233836547241,0.20130885996918949,-0.041716572873092786,-0.08872624179650057,0.008307329683301098,0.1,0.15,all,comparison,weak_only
3,0,10.756779670715332,10.891862869262695,0.4821862755675124,1.34510844190082,214,476,10,10,True,0.04672897196261682,0.02557738517811996,0.08386669837586548,0.02100840336134454,0.01145060259020427,0.03823551431867904,0.02572056860127228,-0.001558782113845858,0.06406847960990633,0.1,0.15,all,comparison,weak_only
3,1,10.756779670715332,10.891862869262695,1.34510844190082,1.4962348618435812,309,597,6,11,True,0.019417475728155338,0.008928843231512513,0.04170849518396169,0.018425460636515914,0.010319052825993486,0.032689728344691096,0.000992015091639424,-0.0167133723624696,0.024711277221175335,0.1,0.15,all,comparison,weak_only
3,2,10.756779670715332,10.891862869262695,1.4962348618435812,1.6451332806655006,370,485,32,28,True,0.08648648648648649,0.061927654343465525,0.11954354747214954,0.0577319587628866,0.04024169717396412,0.08217316298347563,0.02875452772359989,-0.005893830101578762,0.06615343855611991,0.1,0.15,all,comparison,weak_only
3,3,10.756779670715332,10.891862869262695,1.6451332806655006,1.8280321411876859,456,413,77,35,True,0.16885964912280702,0.13727357222718628,0.2059783373015741,0.0847457627118644,0.06156434708161985,0.11558084147424619,0.08411388641094261,0.039972269585792745,0.12787659933798462,0.1,0.15,all,comparison,weak_only
3,4,10.756779670715332,10.891862869262695,1.8280321411876859,2.7954545520584695,495,660,126,170,True,0.2545454545454545,0.2181628297597098,0.29470845288292813,0.25757575757575757,0.2256834985051813,0.2922736948155314,-0.00303030303030305,-0.053305965482383866,0.048255003092217676,0.1,0.15,all,comparison,weak_only
4,0,10.891862869262695,11.04822826385498,0.4821862755675124,1.34510844190082,122,323,5,11,True,0.040983606557377046,0.01763071945527446,0.09236052627890128,0.034055727554179564,0.01912068805920921,0.05994351301838662,0.006927879003197482,-0.027936641246540064,0.06043155443571585,0.1,0.15,all,comparison,weak_only
4,1,10.891862869262695,11.04822826385498,1.34510844190082,1.4962348618435812,236,458,17,20,True,0.07203389830508475,0.04545767356571702,0.11231929713301637,0.043668122270742356,0.02844365654457466,0.06648385155017866,0.028365776034342392,-0.006660688588138543,0.0714319775776962,0.1,0.15,all,comparison,weak_only
4,2,10.891862869262695,11.04822826385498,1.4962348618435812,1.6451332806655006,412,422,54,46,True,0.13106796116504854,0.10186166497804147,0.16709049563112674,0.10900473933649289,0.08272293909259597,0.14234077143975357,0.02206322182855565,-0.022257188518741568,0.06665420761514587,0.1,0.15,all,comparison,weak_only
4,3,10.891862869262695,11.04822826385498,1.6451332806655006,1.8280321411876859,553,443,140,99,True,0.25316455696202533,0.21871155340034298,0.2910232271632798,0.2234762979683973,0.18715582065779846,0.2645512777690014,0.029688258993628036,-0.023922965764265072,0.08215211304074391,0.1,0.15,all,comparison,weak_only
4,4,10.891862869262695,11.04822826385498,1.8280321411876859,2.7954545520584695,581,803,201,328,True,0.3459552495697074,0.30840217075839466,0.38553197617957163,0.40846824408468246,0.37498386701806924,0.4428242061877126,-0.06251299451497505,-0.11341059622894102,-0.010671690550943934,0.1,0.15,all,comparison,weak_only
5,0,11.04822826385498,12.334602355957033,0.4821862755675124,1.34510844190082,80,164,13,26,True,0.1625,0.09749819402950367,0.2584290434069771,0.15853658536585366,0.11054568594148567,0.2221579214571478,0.003963414634146345,-0.08699211947712948,0.11122714474147338,0.1,0.15,all,comparison,weak_only
5,1,11.04822826385498,12.334602355957033,1.34510844190082,1.4962348618435812,256,412,48,99,True,0.1875,0.14443796573655726,0.2398019445296124,0.24029126213592233,0.20155491155377125,0.2838258857171564,-0.052791262135922334,-0.11402525796557285,0.012293284862593123,0.1,0.15,all,comparison,weak_only
5,2,11.04822826385498,12.334602355957033,1.4962348618435812,1.6451332806655006,484,608,158,184,True,0.32644628099173556,0.28618018807651635,0.36944563674345177,0.3026315789473684,0.26744837380594977,0.3402931472367845,0.023814702044367142,-0.03131924362139686,0.07937370238711806,0.1,0.15,all,comparison,weak_only
5,3,11.04822826385498,12.334602355957033,1.6451332806655006,1.8280321411876859,624,695,293,268,True,0.46955128205128205,0.43069925056909103,0.5087759155478817,0.3856115107913669,0.3501474401342885,0.4223331447063489,0.08393977125991514,0.030479891465071615,0.13681956116601082,0.1,0.15,all,comparison,weak_only
5,4,11.04822826385498,12.334602355957033,1.8280321411876859,2.7954545520584695,385,705,226,354,True,0.587012987012987,0.5372069540735679,0.6350997752633766,0.502127659574468,0.4653083486436794,0.5389239094482655,0.08488532743851895,0.02296114054892434,0.14544935027102154,0.1,0.15,all,comparison,weak_only
0,0,9.500033378601074,9.757833003997803,0.3864016248867915,1.183200033387799,573,669,9,19,True,0.015706806282722512,0.008284989789249466,0.029578895489293495,0.028400597907324365,0.01825596080329779,0.043930247065091715,-0.012693791624601852,-0.029905803797097338,0.004491915254297714,0.02,0.06,agn_clean,comparison,weak_only
0,1,9.500033378601074,9.757833003997803,1.183200033387799,1.3036914768597134,372,577,3,7,True,0.008064516129032258,0.002746378156780114,0.023438755467313426,0.012131715771230503,0.0058887661590334445,0.024827806409526587,-0.004067199642198245,-0.017832130044773464,0.012526222400622929,0.02,0.06,agn_clean,comparison,weak_only
0,2,9.500033378601074,9.757833003997803,1.3036914768597134,1.4591103326268486,306,462,3,4,True,0.00980392156862745,0.003339711730211515,0.028423173902177013,0.008658008658008658,0.003371934683799852,0.02204756930511409,0.0011459129106187928,-0.013722387031122624,0.020500993264913336,0.02,0.06,agn_clean,comparison,weak_only
0,3,9.500033378601074,9.757833003997803,1.4591103326268486,1.7085361622827162,208,324,2,2,True,0.009615384615384616,0.0026408580078044197,0.03437483695741605,0.006172839506172839,0.0016944506923207408,0.022223997111386853,0.0034425451092117768,-0.014058417203394458,0.028603754274221342,0.02,0.06,agn_clean,comparison,weak_only
0,4,9.500033378601074,9.757833003997803,1.7085361622827162,3.245336315750976,62,134,2,0,True,0.03225806451612903,0.008891371499816635,0.11020469594985441,0.0,0.0,0.027868675023899322,0.03225806451612903,-0.004110402458797097,0.11020469594985441,0.02,0.06,agn_clean,comparison,weak_only
1,0,9.757833003997803,10.006921768188477,0.3864016248867915,1.183200033387799,391,756,4,21,True,0.010230179028132993,0.003985307542992429,0.02600510647295716,0.027777777777777776,0.01823903737468214,0.04209125691044675,-0.01754759874964478,-0.033164067772675304,0.0008870399603249854,0.02,0.06,agn_clean,comparison,weak_only
1,1,9.757833003997803,10.006921768188477,1.183200033387799,1.3036914768597134,287,698,4,17,True,0.013937282229965157,0.0054329300451809275,0.03528155016925945,0.024355300859598854,0.015260949363227968,0.03865643945030724,-0.010418018629633697,-0.027056725642905274,0.012782951242419703,0.02,0.06,agn_clean,comparison,weak_only
1,2,9.757833003997803,10.006921768188477,1.3036914768597134,1.4591103326268486,244,497,5,11,True,0.020491803278688523,0.008783868876383178,0.04706416755204991,0.022132796780684104,0.012402687030421517,0.03919339864815169,-0.0016409935019955808,-0.022332534383450578,0.026656808158705338,0.02,0.06,agn_clean,comparison,weak_only
1,3,9.757833003997803,10.006921768188477,1.4591103326268486,1.7085361622827162,179,305,1,3,True,0.00558659217877095,0.0009868523514691765,0.030961365839147145,0.009836065573770493,0.0033506797395839154,0.028515051170616965,-0.004249473394999543,-0.023486471846059002,0.021940970811496638,0.02,0.06,agn_clean,comparison,weak_only
1,4,9.757833003997803,10.006921768188477,1.7085361622827162,3.245336315750976,68,147,1,3,True,0.014705882352941176,0.0026006835761068076,0.07870973128160871,0.02040816326530612,0.0069645133345185885,0.058279212744746595,-0.0057022809123649446,-0.04546095576579663,0.05969821144927757,0.02,0.06,agn_clean,comparison,weak_only
2,0,10.006921768188477,10.239534378051758,0.3864016248867915,1.183200033387799,174,763,9,28,True,0.05172413793103448,0.02744777954714151,0.09536643354765456,0.03669724770642202,0.025509862225870872,0.052526423022350804,0.015026890224612462,-0.013954213404573569,0.06008027589737742,0.02,0.06,agn_clean,comparison,weak_only
2,1,10.006921768188477,10.239534378051758,1.183200033387799,1.3036914768597134,202,601,1,14,True,0.0049504950495049506,0.000874419112389958,0.027504017642581473,0.02329450915141431,0.013925865234256003,0.0387184407344153,-0.018344014101909358,-0.03429744823134441,0.0060779610475932,0.02,0.06,agn_clean,comparison,weak_only
2,2,10.006921768188477,10.239534378051758,1.3036914768597134,1.4591103326268486,195,470,2,10,True,0.010256410256410256,0.00281719866017395,0.03661853505049644,0.02127659574468085,0.011597287221893526,0.03871797831023448,-0.011020185488270594,-0.029981822943183994,0.017062738809926647,0.02,0.06,agn_clean,comparison,weak_only
2,3,10.006921768188477,10.239534378051758,1.4591103326268486,1.7085361622827162,153,297,9,7,True,0.058823529411764705,0.03125263021197191,0.1080055671098468,0.02356902356902357,0.0114627442740084,0.04784244222067581,0.03525450584274113,-0.0014790392587531384,0.08590462756524522,0.02,0.06,agn_clean,comparison,weak_only
2,4,10.006921768188477,10.239534378051758,1.7085361622827162,3.245336315750976,91,191,8,8,True,0.08791208791208792,0.04522020780830408,0.16398638883637745,0.041884816753926704,0.0213740086703984,0.08045985636421693,0.046027271158161215,-0.011510805866808207,0.12481808603755365,0.02,0.06,agn_clean,comparison,weak_only
3,0,10.239534378051758,10.462076187133789,0.3864016248867915,1.183200033387799,93,465,5,17,True,0.053763440860215055,0.023180674253084205,0.11974838721760417,0.03655913978494624,0.022949011455205018,0.05776368600094378,0.017204301075268817,-0.02001045935083918,0.08457824810926365,0.02,0.06,agn_clean,comparison,weak_only
3,1,10.239534378051758,10.462076187133789,1.183200033387799,1.3036914768597134,117,525,1,4,True,0.008547008547008548,0.00151035357379644,0.04682950327418937,0.007619047619047619,0.0029667725706947028,0.01942454835013541,0.0009279609279609288,-0.01281555975357279,0.03949210315441469,0.02,0.06,agn_clean,comparison,weak_only
3,2,10.239534378051758,10.462076187133789,1.3036914768597134,1.4591103326268486,155,359,4,2,True,0.025806451612903226,0.010080371603492368,0.06446854596884738,0.005571030640668524,0.0015291093879739055,0.020082144315449087,0.020235420972234703,-0.001162756813380482,0.059108222098483806,0.02,0.06,agn_clean,comparison,weak_only
3,3,10.239534378051758,10.462076187133789,1.4591103326268486,1.7085361622827162,132,254,2,6,True,0.015151515151515152,0.004164974167335873,0.05356010394040567,0.023622047244094488,0.010870134188739784,0.05056862315132962,-0.008470532092579336,-0.03757073889461832,0.031999592435588496,0.02,0.06,agn_clean,comparison,weak_only
3,4,10.239534378051758,10.462076187133789,1.7085361622827162,3.245336315750976,94,221,7,16,True,0.07446808510638298,0.03653858086656639,0.14581212236028018,0.07239819004524888,0.04505190104484693,0.11435579453178094,0.0020698950611341,-0.05449058465860059,0.07847533448647198,0.02,0.06,agn_clean,comparison,weak_only
4,0,10.462076187133789,10.715106010437012,0.3864016248867915,1.183200033387799,40,202,5,8,True,0.125,0.05459500250945401,0.261121198388511,0.039603960396039604,0.020202235474112866,0.07618971070801056,0.08539603960396039,0.006052603848167276,0.2228929762268193,0.02,0.06,agn_clean,comparison,weak_only
4,1,10.462076187133789,10.715106010437012,1.183200033387799,1.3036914768597134,84,254,4,3,True,0.047619047619047616,0.018671746809490054,0.11613315032758317,0.011811023622047244,0.00402479292731907,0.0341438509583719,0.03580802399700037,-0.000752903247711316,0.10476313735625231,0.02,0.06,agn_clean,comparison,weak_only
4,2,10.462076187133789,10.715106010437012,1.3036914768597134,1.4591103326268486,91,230,1,4,True,0.01098901098901099,0.0019424713318492125,0.05964935668650616,0.017391304347826087,0.006783396201685027,0.043855437820360506,-0.006402293358815097,-0.03436995754838798,0.0434008888551429,0.02,0.06,agn_clean,comparison,weak_only
4,3,10.462076187133789,10.715106010437012,1.4591103326268486,1.7085361622827162,105,213,2,4,True,0.01904761904761905,0.005239182065962935,0.06680559669441896,0.018779342723004695,0.007326552217965816,0.04728227989880117,0.0002682763246143541,-0.031403325458746224,0.04938029969226384,0.02,0.06,agn_clean,comparison,weak_only
4,4,10.462076187133789,10.715106010437012,1.7085361622827162,3.245336315750976,77,174,9,10,True,0.11688311688311688,0.06272562005649385,0.2074508356793972,0.05747126436781609,0.031513445001219616,0.10254673972056624,0.05941185251530079,-0.011049718151283638,0.15362607688843333,0.02,0.06,agn_clean,comparison,weak_only
5,0,10.715106010437012,12.047352790832521,0.3864016248867915,1.183200033387799,12,48,1,10,False,,,,,,,,,,0.02,0.06,agn_clean,comparison,weak_only
5,1,10.715106010437012,12.047352790832521,1.183200033387799,1.3036914768597134,28,67,1,5,False,,,,,,,,,,0.02,0.06,agn_clean,comparison,weak_only
5,2,10.715106010437012,12.047352790832521,1.3036914768597134,1.4591103326268486,38,80,2,6,True,0.05263157894736842,0.014554208147292413,0.17285462131770377,0.075,0.03482524929300514,0.15412016081219287,-0.02236842105263158,-0.11017437765008425,0.10438957873889491,0.02,0.06,agn_clean,comparison,weak_only
5,3,10.715106010437012,12.047352790832521,1.4591103326268486,1.7085361622827162,50,79,7,10,True,0.14,0.06950833427016294,0.2618619371058554,0.12658227848101267,0.07023263469675516,0.21756358666503517,0.013417721518987347,-0.10167647197591997,0.14767722423594282,0.02,0.06,agn_clean,comparison,weak_only
5,4,10.715106010437012,12.047352790832521,1.7085361622827162,3.245336315750976,27,119,7,17,False,,,,,,,,,,0.02,0.06,agn_clean,comparison,weak_only
0,0,9.500271797180176,10.017061392466227,0.3829151653165051,1.2595906494532976,991,1284,3,8,True,0.0030272452068617556,0.001030059078203186,0.008862430557643308,0.006230529595015576,0.00316043553847344,0.012246320226994307,-0.0032032843881538205,-0.009541934824982567,0.003390262881259736,0.06,0.1,agn_clean,comparison,weak_only
0,1,9.500271797180176,10.017061392466227,1.2595906494532976,1.4013679046574006,600,1011,2,10,True,0.0033333333333333335,0.0009145966868046463,0.012071359653471395,0.009891196834817012,0.005381462585400189,0.01811132893732624,-0.006557863501483678,-0.015126460746538648,0.0032752848738734543,0.06,0.1,agn_clean,comparison,weak_only
0,2,9.500271797180176,10.017061392466227,1.4013679046574006,1.5513543675332466,402,803,2,3,True,0.004975124378109453,0.0013654205071585573,0.017956062427286,0.0037359900373599006,0.0012713697896518236,0.010926142761424472,0.001239134340749552,-0.006806253047768856,0.014451973006304054,0.06,0.1,agn_clean,comparison,weak_only
0,3,9.500271797180176,10.017061392466227,1.5513543675332466,1.7524639118556564,245,472,0,2,True,0.0,8.673617379884035e-19,0.015437374619565052,0.00423728813559322,0.0011627873817768516,0.015316354305725689,-0.00423728813559322,-0.015316354305725689,0.011503267446406059,0.06,0.1,agn_clean,comparison,weak_only
0,4,9.500271797180176,10.017061392466227,1.7524639118556564,3.031238183903549,84,278,0,3,True,0.0,0.0,0.04373172841465988,0.01079136690647482,0.00367669698147932,0.031241724395821326,-0.01079136690647482,-0.031241724395821326,0.0335153210568023,0.06,0.1,agn_clean,comparison,weak_only
1,0,10.017061392466227,10.28447437286377,0.3829151653165051,1.2595906494532976,505,1552,5,22,True,0.009900990099009901,0.004236317655323571,0.022965590877785144,0.014175257731958763,0.009379601362232311,0.021369970549135364,-0.004274267632948862,-0.013431363592689838,0.00964270450632312,0.06,0.1,agn_clean,comparison,weak_only
1,1,10.017061392466227,10.28447437286377,1.2595906494532976,1.4013679046574006,407,1123,2,11,True,0.004914004914004914,0.0013486333929680818,0.017737704298468306,0.009795191451469279,0.005478177719914871,0.01745447054077189,-0.004881186537464365,-0.013329643807927932,0.008649662418218945,0.06,0.1,agn_clean,comparison,weak_only
1,2,10.017061392466227,10.28447437286377,1.4013679046574006,1.5513543675332466,353,766,4,7,True,0.0113314447592068,0.004415157913736343,0.028768931344917394,0.009138381201044387,0.004433545807917001,0.018741951713384497,0.0021930635581624124,-0.009641782884200756,0.020254110440977954,0.06,0.1,agn_clean,comparison,weak_only
1,3,10.017061392466227,10.28447437286377,1.5513543675332466,1.7524639118556564,259,525,5,5,True,0.019305019305019305,0.008273446871619735,0.04438741904655541,0.009523809523809525,0.004074669086657438,0.02209850359076521,0.00978120978120978,-0.006946567155098039,0.035448697159175244,0.06,0.1,agn_clean,comparison,weak_only
1,4,10.017061392466227,10.28447437286377,1.7524639118556564,3.031238183903549,120,295,1,8,True,0.008333333333333333,0.0014725557333420923,0.045696291245049675,0.02711864406779661,0.013804174210963343,0.05259042478140427,-0.018785310734463274,-0.04516488393037865,0.02087910318382384,0.06,0.1,agn_clean,comparison,weak_only
2,0,10.28447437286377,10.487129211425781,0.3829151653165051,1.2595906494532976,279,1090,3,25,True,0.010752688172043012,0.0036634949846419164,0.031131470582740014,0.022935779816513763,0.015583022411225658,0.03363933827598248,-0.012183091644470751,-0.025021425794334525,0.009481575765936282,0.06,0.1,agn_clean,comparison,weak_only
2,1,10.28447437286377,10.487129211425781,1.2595906494532976,1.4013679046574006,337,996,8,12,True,0.02373887240356083,0.012076892063541664,0.046136269238329454,0.012048192771084338,0.0069053210932940555,0.02094055244502964,0.011690679632476494,-0.0029747847659597933,0.034670943209474926,0.06,0.1,agn_clean,comparison,weak_only
2,2,10.28447437286377,10.487129211425781,1.4013679046574006,1.5513543675332466,327,716,10,6,True,0.03058103975535168,0.01669424772749426,0.055368845288957046,0.008379888268156424,0.003846074668064365,0.018160797298780885,0.02220115148719526,0.005215593672089052,0.047400174661362475,0.06,0.1,agn_clean,comparison,weak_only
2,3,10.28447437286377,10.487129211425781,1.5513543675332466,1.7524639118556564,276,502,8,9,True,0.028985507246376812,0.014759111837320683,0.05614338740031858,0.017928286852589643,0.009460239814978226,0.033718227350632804,0.011057220393787169,-0.010196309836895845,0.0395046855723767,0.06,0.1,agn_clean,comparison,weak_only
2,4,10.28447437286377,10.487129211425781,1.7524639118556564,3.031238183903549,207,329,15,16,True,0.07246376811594203,0.04440265695796926,0.11610400529897287,0.0486322188449848,0.030153544279788204,0.07752973215964828,0.02383154927095723,-0.016448622466403294,0.07122281128282637,0.06,0.1,agn_clean,comparison,weak_only
3,0,10.487129211425781,10.67510191599528,0.3829151653165051,1.2595906494532976,154,686,3,14,True,0.01948051948051948,0.0066469004432945025,0.05570337745089233,0.02040816326530612,0.012194970346440528,0.03396267705725149,-0.0009276437847866408,-0.019593833051175766,0.03621467678709346,0.06,0.1,agn_clean,comparison,weak_only
3,1,10.487129211425781,10.67510191599528,1.2595906494532976,1.4013679046574006,248,717,3,15,True,0.012096774193548387,0.004122365520547382,0.034955627700977904,0.02092050209205021,0.012718398511572963,0.03422876082088162,-0.008823727898501822,-0.024338267662141318,0.015462105149162002,0.06,0.1,agn_clean,comparison,weak_only
3,2,10.487129211425781,10.67510191599528,1.4013679046574006,1.5513543675332466,279,614,4,17,True,0.014336917562724014,0.005589098297642101,0.03627696642309234,0.02768729641693811,0.01735725149149053,0.04389059499152806,-0.013350378854214095,-0.03176426564087179,0.010899890673300744,0.06,0.1,agn_clean,comparison,weak_only
3,3,10.487129211425781,10.67510191599528,1.5513543675332466,1.7524639118556564,255,428,9,5,True,0.03529411764705882,0.018677483354686615,0.06570412583653742,0.011682242990654205,0.004999995518274144,0.02705218135815047,0.023611874656404616,0.0009767793257665393,0.05474740146046376,0.06,0.1,agn_clean,comparison,weak_only
3,4,10.487129211425781,10.67510191599528,1.7524639118556564,3.031238183903549,239,391,7,24,True,0.029288702928870293,0.014258437664931442,0.059211137535848654,0.061381074168797956,0.04159146721308071,0.08970543097874883,-0.03209237123992766,-0.06415758701343802,0.003782141108962439,0.06,0.1,agn_clean,comparison,weak_only
4,0,10.67510191599528,10.885112444559732,0.3829151653165051,1.2595906494532976,70,292,6,15,True,0.08571428571428572,0.039876669645112064,0.1746567249233948,0.05136986301369863,0.031374720716923335,0.08301580100236353,0.03434442270058709,-0.021356137782117132,0.12550671319361034,0.06,0.1,agn_clean,comparison,weak_only
4,1,10.67510191599528,10.885112444559732,1.2595906494532976,1.4013679046574006,124,461,2,14,True,0.016129032258064516,0.004434364460542482,0.056903005223984324,0.03036876355748373,0.018174701923095535,0.05032490846337068,-0.014239731299419214,-0.03737007877625484,0.028318605258402418,0.06,0.1,agn_clean,comparison,weak_only
4,2,10.67510191599528,10.885112444559732,1.4013679046574006,1.5513543675332466,177,377,5,8,True,0.02824858757062147,0.012125187155558284,0.06441400308852203,0.021220159151193633,0.010790951308595118,0.0413080477923294,0.007028428419427836,-0.01872981901713374,0.044667578991757724,0.06,0.1,agn_clean,comparison,weak_only
4,3,10.67510191599528,10.885112444559732,1.5513543675332466,1.7524639118556564,199,295,18,12,True,0.09045226130653267,0.057981291538265166,0.13843545212118957,0.04067796610169491,0.023420151113982872,0.06974449521910539,0.049774295204837754,0.006194173674201643,0.10076663559931145,0.06,0.1,agn_clean,comparison,weak_only
4,4,10.67510191599528,10.885112444559732,1.7524639118556564,3.031238183903549,168,320,22,34,True,0.13095238095238096,0.08809352338520547,0.1903111127777924,0.10625,0.0770347781622101,0.1448066719174463,0.024702380952380962,-0.03294741194675293,0.09086119163510399,0.06,0.1,agn_clean,comparison,weak_only
5,0,10.885112444559732,12.37898349761963,0.3829151653165051,1.2595906494532976,26,87,4,9,False,,,,,,,,,,0.06,0.1,agn_clean,comparison,weak_only
5,1,10.885112444559732,12.37898349761963,1.2595906494532976,1.4013679046574006,67,132,4,14,True,0.05970149253731343,0.02345935113981902,0.14369501041371535,0.10606060606060606,0.0642358760210363,0.17016574994150374,-0.04635911352329263,-0.11999987862704867,0.04747168679374792,0.06,0.1,agn_clean,comparison,weak_only
5,2,10.885112444559732,12.37898349761963,1.4013679046574006,1.5513543675332466,63,203,8,18,True,0.12698412698412698,0.06577324856136738,0.23107034478269664,0.08866995073891626,0.056823528424129015,0.13579481341048225,0.03831417624521072,-0.03893557662882642,0.14716331657191728,0.06,0.1,agn_clean,comparison,weak_only
5,3,10.885112444559732,12.37898349761963,1.5513543675332466,1.7524639118556564,113,183,10,27,True,0.08849557522123894,0.04877938009471883,0.1552702702719496,0.14754098360655737,0.10342220917703343,0.20615286685682888,-0.05904540838531844,-0.1298460370087373,0.02098787316853651,0.06,0.1,agn_clean,comparison,weak_only
5,4,10.885112444559732,12.37898349761963,1.7524639118556564,3.031238183903549,71,212,10,25,True,0.14084507042253522,0.07834202212357166,0.24021749283475802,0.1179245283018868,0.08116406042738784,0.16828504501727937,0.022920542120648424,-0.057346591193703264,0.128874354390077,0.06,0.1,agn_clean,comparison,weak_only
0,0,9.530496597290039,10.428152084350586,0.4821862755675124,1.34510844190082,623,1364,3,8,True,0.004815409309791332,0.001638996699073178,0.014061079743237,0.005865102639296188,0.002974891731085314,0.011530779735987155,-0.0010496933295048557,-0.007545037357152499,0.00863719166299054,0.1,0.15,agn_clean,comparison,weak_only
0,1,9.530496597290039,10.428152084350586,1.34510844190082,1.4962348618435812,341,924,3,7,True,0.008797653958944282,0.002996418481237639,0.02554266395493588,0.007575757575757576,0.003674457525327456,0.015554537526662344,0.0012218963831867064,-0.008642953467305805,0.018415369035601772,0.1,0.15,agn_clean,comparison,weak_only
0,2,9.530496597290039,10.428152084350586,1.4962348618435812,1.6451332806655006,251,604,2,2,True,0.00796812749003984,0.0021878746427912727,0.028582074866135995,0.0033112582781456954,0.0009085366172802648,0.011991963516270614,0.004656869211894146,-0.0057722230980499275,0.025410372477705764,0.1,0.15,agn_clean,comparison,weak_only
0,3,9.530496597290039,10.428152084350586,1.6451332806655006,1.8280321411876859,124,351,0,2,True,0.0,0.0,0.030048615340677695,0.005698005698005698,0.0015639919889537373,0.020534493477640275,-0.005698005698005698,-0.020534493477640275,0.02463365026138169,0.1,0.15,agn_clean,comparison,weak_only
0,4,9.530496597290039,10.428152084350586,1.8280321411876859,2.7954545520584695,63,253,0,0,True,0.0,6.938893903907228e-18,0.05747119958885172,0.0,0.0,0.014956537150709458,0.0,-0.014956537150709458,0.05747119958885172,0.1,0.15,agn_clean,comparison,weak_only
1,0,10.428152084350586,10.611761093139648,0.4821862755675124,1.34510844190082,362,1053,3,8,True,0.008287292817679558,0.0028223507266393003,0.02407853375052875,0.007597340930674264,0.0038546280900458073,0.01491967211845923,0.0006899518870052933,-0.008446903484621853,0.016918666857904774,0.1,0.15,agn_clean,comparison,weak_only
1,1,10.428152084350586,10.611761093139648,1.34510844190082,1.4962348618435812,328,785,2,5,True,0.006097560975609756,0.00167376691901828,0.021956369136197015,0.006369426751592357,0.0027236167696477673,0.014822949357070389,-0.0002718657759826007,-0.009812934809191728,0.016000617952654398,0.1,0.15,agn_clean,comparison,weak_only
1,2,10.428152084350586,10.611761093139648,1.4962348618435812,1.6451332806655006,272,588,2,6,True,0.007352941176470588,0.0020187631216132644,0.02640864896581819,0.01020408163265306,0.004684778221916017,0.022081610959842023,-0.0028511404561824723,-0.015871476797427862,0.016987778604410933,0.1,0.15,agn_clean,comparison,weak_only
1,3,10.428152084350586,10.611761093139648,1.6451332806655006,1.8280321411876859,204,370,1,4,True,0.004901960784313725,0.0008658411741931295,0.027239517852051878,0.010810810810810811,0.004211921663103604,0.02746316022334296,-0.005908850026497086,-0.02304334746483066,0.017383032545295746,0.1,0.15,agn_clean,comparison,weak_only
1,4,10.428152084350586,10.611761093139648,1.8280321411876859,2.7954545520584695,96,233,2,2,True,0.020833333333333332,0.005731969852430421,0.07280713517784211,0.008583690987124463,0.002357122555307404,0.030751349499117276,0.012249642346208869,-0.014573039527285354,0.06459509327184676,0.1,0.15,agn_clean,comparison,weak_only
2,0,10.611761093139648,10.756779670715332,0.4821862755675124,1.34510844190082,253,773,5,9,True,0.019762845849802372,0.008470327744301023,0.045420733629700547,0.01164294954721863,0.006137285509035919,0.021978436911148973,0.008119896302583742,-0.007188378068260268,0.03436183871977509,0.1,0.15,agn_clean,comparison,weak_only
2,1,10.611761093139648,10.756779670715332,1.34510844190082,1.4962348618435812,296,664,5,4,True,0.016891891891891893,0.007236239007100652,0.03892635263427524,0.006024096385542169,0.002345073655822336,0.015385869316188312,0.010867795506349724,-0.0025811607742155553,0.03320728226082616,0.1,0.15,agn_clean,comparison,weak_only
2,2,10.611761093139648,10.756779670715332,1.4962348618435812,1.6451332806655006,259,474,5,4,True,0.019305019305019305,0.008273446871619735,0.04438741904655541,0.008438818565400843,0.0032864453771438394,0.021494700339928667,0.010866200739618461,-0.006226243183466063,0.036472327472595475,0.1,0.15,agn_clean,comparison,weak_only
2,3,10.611761093139648,10.756779670715332,1.6451332806655006,1.8280321411876859,194,337,4,8,True,0.020618556701030927,0.008046662123660377,0.051806610750889985,0.02373887240356083,0.012076892063541664,0.046136269238329454,-0.0031203157025299043,-0.028804861994777747,0.030176778778339197,0.1,0.15,agn_clean,comparison,weak_only
2,4,10.611761093139648,10.756779670715332,1.8280321411876859,2.7954545520584695,155,286,7,15,True,0.04516129032258064,0.022045753492620307,0.09027667764819537,0.05244755244755245,0.0320382354893755,0.08472028124728506,-0.007286262124971805,-0.04698332835307415,0.04223078940517857,0.1,0.15,agn_clean,comparison,weak_only
3,0,10.756779670715332,10.891862869262695,0.4821862755675124,1.34510844190082,171,397,6,8,True,0.03508771929824561,0.016178397190256082,0.07442630793829172,0.020151133501259445,0.010245486061230335,0.03925403147637467,0.014936585796986167,-0.011942461314683604,0.055503153403784256,0.1,0.15,agn_clean,comparison,weak_only
3,1,10.756779670715332,10.891862869262695,1.34510844190082,1.4962348618435812,198,477,1,7,True,0.005050505050505051,0.000892095189052677,0.028048732205003105,0.014675052410901468,0.007126382312642451,0.029978277640041056,-0.009624547360396418,-0.02548270220229397,0.014580841967235587,0.1,0.15,agn_clean,comparison,weak_only
3,2,10.756779670715332,10.891862869262695,1.4962348618435812,1.6451332806655006,202,361,8,10,True,0.039603960396039604,0.020202235474112866,0.07618971070801056,0.027700831024930747,0.015114806161610272,0.05023264337923619,0.011903129371108857,-0.017830849473232588,0.05059324629714055,0.1,0.15,agn_clean,comparison,weak_only
3,3,10.756779670715332,10.891862869262695,1.6451332806655006,1.8280321411876859,227,282,9,10,True,0.039647577092511016,0.02099659517654294,0.07362011246460681,0.03546099290780142,0.019373736301638304,0.06403424418886733,0.004186584184709595,-0.029935107086396864,0.04177558503230913,0.1,0.15,agn_clean,comparison,weak_only
3,4,10.756779670715332,10.891862869262695,1.8280321411876859,2.7954545520584695,185,291,19,22,True,0.10270270270270271,0.06673971310782904,0.1548295285300615,0.07560137457044673,0.05045330889425556,0.1118083316906548,0.027101328132255978,-0.02393082217032854,0.08497732642247835,0.1,0.15,agn_clean,comparison,weak_only
4,0,10.891862869262695,11.04822826385498,0.4821862755675124,1.34510844190082,70,249,4,9,True,0.05714285714285714,0.022443779100711242,0.1379195047483823,0.03614457831325301,0.0191302608583764,0.06725374800855266,0.02099827882960413,-0.025604365474189213,0.10354737813930293,0.1,0.15,agn_clean,comparison,weak_only
4,1,10.891862869262695,11.04822826385498,1.34510844190082,1.4962348618435812,113,308,2,8,True,0.017699115044247787,0.004867231820487396,0.06224472398560786,0.025974025974025976,0.013218978587298664,0.05040777231275653,-0.008274910929778188,-0.035873193253387614,0.03806084750573507,0.1,0.15,agn_clean,comparison,weak_only
4,2,10.891862869262695,11.04822826385498,1.4962348618435812,1.6451332806655006,174,269,10,13,True,0.05747126436781609,0.031513445001219616,0.10254673972056624,0.048327137546468404,0.02845711454252433,0.08091577530228963,0.009144126821347687,-0.03251913873776311,0.05840482406015718,0.1,0.15,agn_clean,comparison,weak_only
4,3,10.891862869262695,11.04822826385498,1.6451332806655006,1.8280321411876859,186,229,17,30,True,0.0913978494623656,0.057847653598658705,0.14148424711347976,0.13100436681222707,0.09332855714344457,0.18085568454633533,-0.03960651734986148,-0.09969619634983709,0.02306814949300144,0.1,0.15,agn_clean,comparison,weak_only
4,4,10.891862869262695,11.04822826385498,1.8280321411876859,2.7954545520584695,158,274,12,31,True,0.0759493670886076,0.04397745222183943,0.12805176095733722,0.11313868613138686,0.08085907804007264,0.15611584679713508,-0.037189319042779265,-0.09075460331475348,0.024102055108736323,0.1,0.15,agn_clean,comparison,weak_only
5,0,11.04822826385498,12.334602355957033,0.4821862755675124,1.34510844190082,28,79,1,4,False,,,,,,,,,,0.1,0.15,agn_clean,comparison,weak_only
5,1,11.04822826385498,12.334602355957033,1.34510844190082,1.4962348618435812,68,183,6,25,True,0.08823529411764706,0.04106811531448934,0.17943769123145112,0.1366120218579235,0.09427510635729117,0.1938914449024273,-0.048376727740276446,-0.12257696399704508,0.052173218323417175,0.1,0.15,agn_clean,comparison,weak_only
5,2,11.04822826385498,12.334602355957033,1.4962348618435812,1.6451332806655006,100,227,13,35,True,0.13,0.07757167427240512,0.20980351440076428,0.15418502202643172,0.11300025434034024,0.20687928202167177,-0.02418502202643172,-0.09851815309895377,0.06561913155273363,0.1,0.15,agn_clean,comparison,weak_only
5,3,11.04822826385498,12.334602355957033,1.6451332806655006,1.8280321411876859,115,214,14,23,True,0.12173913043478261,0.07391976851654838,0.19401247614510583,0.10747663551401869,0.07269140547200095,0.1561055328634091,0.014262494920763924,-0.053939125526881015,0.09447127704117758,0.1,0.15,agn_clean,comparison,weak_only
5,4,11.04822826385498,12.334602355957033,1.8280321411876859,2.7954545520584695,56,156,9,16,True,0.16071428571428573,0.08692667607595139,0.2780620666974952,0.10256410256410256,0.06412256686101218,0.1601087376148817,0.058150183150183166,-0.03542329791826149,0.18163400139733357,0.1,0.15,agn_clean,comparison,weak_only
